file,product,channel,campaign,year,result_notes,notes
"307740cc-b6e4-4876-af5f-ef5c00f1d765.mp4",,,,,,
"4a5f9fdc-e028-4855-b14c-186c17f814bf.mp4",,,,,,
"6b8c07f2-ef6d-40cc-a8ee-e73608348b82.mp4",,,,,,
"76b3ac7a-2fb2-4720-9a08-0a17ed7f08ed.mp4",,,,,,
"7711d667-f7d0-4741-853f-92c5e77617a8.mp4",,,,,,
"7e8b34cf-75ea-416e-9567-cfa4baa151d3.mp4",,,,,,
"85b1de33-1ee6-4150-8b55-3c29f8c14bd9.mp4",,,,,,
"8a639c36-8e4a-44fa-8aa3-7f96dd214d59.mp4",,,,,,
"9035e2f3-1d6d-445c-93f7-5717fcf0196d.mp4",,,,,,
"94e1b8a6-7e9e-4369-9bbf-b8579fd1f5c5.mp4",,,,,,
"9a635d11-128b-4aa3-8e4d-babba8900add.mp4",,,,,,
"a0ae388d-cf60-4fc3-ae21-9ab73c766e04.mp4",,,,,,
"cd7057b4-1ee7-4bb3-8c0b-820064321c36.mp4",,,,,,
"d7e8ef2c-4c1d-4d0d-b959-3ac5cc5cdaa2.mp4",,,,,,
"e6f84a0f-fc5d-4811-b997-da3f52b52214.mp4",,,,,,
"e845df0c-0490-4c45-9a26-eb9bb20ed366.mp4",,,,,,
"f2fc7560-9ea0-4f6e-9172-354bc8618a6b.mp4",,,,,,
"f8d59013-9c9e-4272-8845-f05415557c42.mp4",,,,,,
